date,point,lat,lon,u_ms,v_ms,speed_ms,speed_kn,direction,temp_c,salinity
2026-02-07,浜田沖,34.923889,132.013278,0.2701,0.1559,0.3119,0.6062,60.0,14.35,34.466
2026-02-08,浜田沖,34.923889,132.013278,0.2295,0.1363,0.2669,0.5189,59.3,14.13,34.463
2026-02-09,浜田沖,34.923889,132.013278,0.2692,0.1921,0.3307,0.6429,54.5,14.12,34.467
2026-02-10,浜田沖,34.923889,132.013278,0.2278,0.1479,0.2715,0.5279,57.0,14.03,34.467
2026-02-11,浜田沖,34.923889,132.013278,0.1966,0.0271,0.1985,0.3858,82.2,14.04,34.467
2026-02-12,浜田沖,34.923889,132.013278,0.253,0.1067,0.2746,0.5338,67.1,14.05,34.474
2026-02-13,浜田沖,34.923889,132.013278,0.3085,0.1679,0.3512,0.6828,61.4,14.16,34.49
2026-02-14,浜田沖,34.923889,132.013278,0.2433,0.0917,0.26,0.5054,69.4,14.36,34.494
2026-02-15,浜田沖,34.923889,132.013278,0.1618,0.0578,0.1718,0.334,70.3,14.65,34.493
2026-02-16,浜田沖,34.923889,132.013278,0.0442,0.0363,0.0572,0.1112,50.6,14.36,34.52
2026-02-17,浜田沖,34.923889,132.013278,0.1339,0.0851,0.1587,0.3084,57.6,14.18,34.519
2026-02-18,浜田沖,34.923889,132.013278,0.1625,0.1227,0.2037,0.3959,53.0,14.03,34.532
2026-02-19,浜田沖,34.923889,132.013278,0.2164,0.1259,0.2504,0.4867,59.8,14.14,34.523
2026-02-20,浜田沖,34.923889,132.013278,0.2787,0.1484,0.3158,0.6138,62.0,14.26,34.525
2026-02-21,浜田沖,34.923889,132.013278,0.284,0.1547,0.3235,0.6288,61.4,14.36,34.516
2026-02-22,浜田沖,34.923889,132.013278,0.2903,0.1956,0.35,0.6805,56.0,14.31,34.506
2026-02-23,浜田沖,34.923889,132.013278,0.2048,0.0994,0.2277,0.4426,64.1,14.31,34.496
2026-02-24,浜田沖,34.923889,132.013278,0.1319,0.0967,0.1635,0.3179,53.7,14.29,34.479
2026-02-25,浜田沖,34.923889,132.013278,0.002,-0.0324,0.0325,0.0632,176.4,14.28,34.469
2026-02-26,浜田沖,34.923889,132.013278,0.0527,0.0133,0.0543,0.1056,75.9,14.32,34.46
2026-02-27,浜田沖,34.923889,132.013278,0.0586,0.0283,0.0651,0.1265,64.2,14.28,34.413
2026-02-28,浜田沖,34.923889,132.013278,0.0273,0.0154,0.0313,0.0608,60.6,14.22,34.446
2026-03-01,浜田沖,34.923889,132.013278,0.0134,-0.0116,0.0178,0.0345,130.9,14.21,34.445
2026-03-02,浜田沖,34.923889,132.013278,-0.0183,-0.0311,0.0361,0.0702,210.4,14.2,34.436
2026-03-03,浜田沖,34.923889,132.013278,-0.0291,-0.0895,0.0941,0.1829,198.0,14.18,34.429
2026-03-04,浜田沖,34.923889,132.013278,0.0307,-0.0181,0.0357,0.0693,120.5,14.12,34.427
2026-03-05,浜田沖,34.923889,132.013278,0.0509,0.0609,0.0793,0.1542,39.9,14.06,34.417
2026-03-06,浜田沖,34.923889,132.013278,0.1834,0.1022,0.21,0.4082,60.9,13.91,34.39
2026-03-07,浜田沖,34.923889,132.013278,0.1548,0.0623,0.1668,0.3243,68.1,13.88,34.404
2026-03-08,浜田沖,34.923889,132.013278,0.1428,0.0756,0.1615,0.314,62.1,13.97,34.4
2026-03-09,浜田沖,34.923889,132.013278,0.1582,0.0658,0.1713,0.3331,67.4,13.95,34.399
2026-03-10,浜田沖,34.923889,132.013278,0.1268,0.0865,0.1535,0.2984,55.7,13.91,34.4
2026-03-11,浜田沖,34.923889,132.013278,0.1275,0.0749,0.1478,0.2874,59.6,14.0,34.402
2026-03-12,浜田沖,34.923889,132.013278,0.0372,0.0184,0.0416,0.0808,63.7,13.92,34.412
2026-03-13,浜田沖,34.923889,132.013278,-0.0743,-0.1204,0.1414,0.275,211.7,13.89,34.41
2026-03-14,浜田沖,34.923889,132.013278,-0.0604,-0.0995,0.1164,0.2262,211.3,13.88,34.405
2026-03-15,浜田沖,34.923889,132.013278,-0.0494,-0.0415,0.0645,0.1254,230.0,13.9,34.394
2026-03-16,浜田沖,34.923889,132.013278,-0.0252,0.0329,0.0415,0.0806,322.5,13.85,34.392
2026-03-17,浜田沖,34.923889,132.013278,0.0692,0.1094,0.1294,0.2516,32.3,13.8,34.387
2026-03-18,浜田沖,34.923889,132.013278,0.2065,0.0896,0.2251,0.4376,66.5,13.76,34.318
2026-03-19,浜田沖,34.923889,132.013278,0.1131,0.1298,0.1722,0.3347,41.1,13.87,34.377
2026-03-20,浜田沖,34.923889,132.013278,0.1825,0.0847,0.2012,0.3911,65.1,14.14,34.431
2026-03-21,浜田沖,34.923889,132.013278,0.1629,0.1069,0.1948,0.3788,56.7,14.37,34.436
2026-03-22,浜田沖,34.923889,132.013278,0.1285,0.12,0.1758,0.3418,46.9,14.26,34.4
2026-03-23,浜田沖,34.923889,132.013278,0.0995,0.0924,0.1358,0.2641,47.1,14.47,34.433
2026-03-24,浜田沖,34.923889,132.013278,0.1233,0.1256,0.176,0.3421,44.5,14.24,34.433
2026-03-25,浜田沖,34.923889,132.013278,0.0389,0.0785,0.0876,0.1702,26.4,14.14,34.411
2026-03-26,浜田沖,34.923889,132.013278,0.081,0.104,0.1318,0.2563,37.9,14.27,34.431
2026-03-27,浜田沖,34.923889,132.013278,0.1763,0.12,0.2132,0.4145,55.8,14.63,34.408
2026-03-28,浜田沖,34.923889,132.013278,0.1426,0.1121,0.1813,0.3525,51.8,14.51,34.455
2026-03-29,浜田沖,34.923889,132.013278,0.1494,0.1761,0.2309,0.4489,40.3,14.57,34.433
2026-03-30,浜田沖,34.923889,132.013278,0.1447,0.1751,0.2272,0.4416,39.6,14.79,34.249
2026-03-31,浜田沖,34.923889,132.013278,0.1679,0.098,0.1944,0.3779,59.7,14.74,34.436
2026-04-01,浜田沖,34.923889,132.013278,0.1312,0.1471,0.1971,0.3832,41.7,14.62,34.424
2026-04-02,浜田沖,34.923889,132.013278,0.233,0.1547,0.2797,0.5438,56.4,14.72,34.432
2026-04-03,浜田沖,34.923889,132.013278,0.2315,0.1863,0.2971,0.5776,51.2,15.26,34.405
2026-04-04,浜田沖,34.923889,132.013278,0.3129,0.212,0.3779,0.7347,55.9,15.15,34.413
2026-04-05,浜田沖,34.923889,132.013278,0.3007,0.1661,0.3435,0.6678,61.1,15.3,34.459
2026-04-06,浜田沖,34.923889,132.013278,0.2667,0.1187,0.292,0.5676,66.0,15.43,34.453
2026-04-07,浜田沖,34.923889,132.013278,0.1054,0.0885,0.1376,0.2675,50.0,15.32,34.462
2026-04-08,浜田沖,34.923889,132.013278,0.184,0.1607,0.2443,0.4749,48.9,15.53,34.456
2026-04-09,浜田沖,34.923889,132.013278,0.3193,0.2528,0.4073,0.7918,51.6,15.48,34.478
2026-04-10,浜田沖,34.923889,132.013278,0.3407,0.1552,0.3744,0.7278,65.5,15.75,34.482
2026-04-11,浜田沖,34.923889,132.013278,0.2479,0.1083,0.2705,0.5258,66.4,16.04,34.489
2026-04-12,浜田沖,34.923889,132.013278,0.1878,0.1642,0.2495,0.485,48.8,16.27,34.474
2026-04-13,浜田沖,34.923889,132.013278,0.1693,0.1522,0.2277,0.4426,48.1,16.46,34.443
2026-04-14,浜田沖,34.923889,132.013278,0.1235,0.156,0.1989,0.3867,38.4,16.64,34.366
2026-04-15,浜田沖,34.923889,132.013278,0.0295,0.1076,0.1116,0.2169,15.3,16.61,34.316
2026-04-16,浜田沖,34.923889,132.013278,0.0362,0.0951,0.1018,0.1979,20.8,16.4,34.456
2026-04-17,浜田沖,34.923889,132.013278,0.1557,0.1058,0.1883,0.366,55.8,16.61,34.377
2026-04-18,浜田沖,34.923889,132.013278,0.1116,0.1291,0.1706,0.3317,40.9,17.03,34.331
2026-04-19,浜田沖,34.923889,132.013278,0.1604,0.1392,0.2124,0.4129,49.1,17.12,34.313
2026-04-20,浜田沖,34.923889,132.013278,0.2102,0.0493,0.2159,0.4197,76.8,17.37,34.371
2026-04-21,浜田沖,34.923889,132.013278,0.1523,0.1464,0.2112,0.4106,46.1,17.26,34.404
2026-04-22,浜田沖,34.923889,132.013278,0.1639,0.1881,0.2495,0.485,41.1,17.0,34.341
2026-04-23,浜田沖,34.923889,132.013278,-0.0048,0.1347,0.1348,0.262,358.0,16.74,34.344
2026-04-24,浜田沖,34.923889,132.013278,-0.0196,0.0578,0.061,0.1186,341.3,16.44,34.382
2026-04-25,浜田沖,34.923889,132.013278,0.0853,0.0929,0.1261,0.2451,42.6,16.56,34.386
2026-04-26,浜田沖,34.923889,132.013278,0.1626,0.1309,0.2087,0.4057,51.2,16.68,34.176
2026-04-27,浜田沖,34.923889,132.013278,0.2235,0.1277,0.2574,0.5004,60.3,16.98,34.301
2026-04-28,浜田沖,34.923889,132.013278,0.2503,0.1406,0.2871,0.5581,60.7,17.04,34.368
2026-04-29,浜田沖,34.923889,132.013278,0.1724,0.1779,0.2477,0.4815,44.1,16.92,34.345
2026-04-30,浜田沖,34.923889,132.013278,0.17,0.1803,0.2478,0.4818,43.3,16.86,34.247
2026-05-01,浜田沖,34.923889,132.013278,0.2728,0.1496,0.3111,0.6048,61.3,16.84,34.319
2026-05-02,浜田沖,34.923889,132.013278,0.2284,0.1397,0.2677,0.5205,58.6,17.04,34.323
2026-05-03,浜田沖,34.923889,132.013278,0.3491,0.2038,0.4042,0.7858,59.7,17.07,34.261
2026-05-04,浜田沖,34.923889,132.013278,0.26,0.1792,0.3157,0.6137,55.4,16.99,34.31
2026-05-05,浜田沖,34.923889,132.013278,0.2238,0.1567,0.2732,0.531,55.0,17.6,34.273
2026-05-06,浜田沖,34.923889,132.013278,0.2044,0.1469,0.2518,0.4894,54.3,17.84,34.27
2026-05-07,浜田沖,34.923889,132.013278,0.2397,0.1215,0.2687,0.5224,63.1,18.05,34.289
2026-05-08,浜田沖,34.923889,132.013278,0.1654,0.0811,0.1843,0.3582,63.9,17.63,34.325
2026-05-09,浜田沖,34.923889,132.013278,0.1481,0.1243,0.1934,0.376,50.0,18.01,34.323
2026-05-10,浜田沖,34.923889,132.013278,0.1562,0.1402,0.2099,0.408,48.1,18.34,34.332
2026-05-11,浜田沖,34.923889,132.013278,0.1785,0.1426,0.2285,0.4441,51.4,18.72,34.372
2026-05-12,浜田沖,34.923889,132.013278,0.1542,0.1718,0.2309,0.4488,41.9,18.99,34.395
2026-05-13,浜田沖,34.923889,132.013278,0.1671,0.1304,0.212,0.4121,52.0,19.32,34.405
2026-05-14,浜田沖,34.923889,132.013278,0.0749,0.1254,0.146,0.2839,30.9,19.23,34.454
2026-05-15,浜田沖,34.923889,132.013278,0.1263,0.1459,0.193,0.3751,40.9,19.29,34.445
2026-05-16,浜田沖,34.923889,132.013278,0.1488,0.1398,0.2042,0.3969,46.8,20.06,34.381
2026-05-17,浜田沖,34.923889,132.013278,0.1527,0.1407,0.2076,0.4037,47.3,20.36,34.364
2026-05-18,浜田沖,34.923889,132.013278,0.1733,0.1613,0.2368,0.4603,47.1,20.65,34.335
2026-05-19,浜田沖,34.923889,132.013278,0.1559,0.1459,0.2135,0.415,46.9,20.84,34.299
2026-05-20,浜田沖,34.923889,132.013278,0.2043,0.1906,0.2794,0.5432,47.0,21.18,34.035
2026-05-21,浜田沖,34.923889,132.013278,0.2107,0.1067,0.2362,0.4591,63.1,20.78,34.224
2026-05-23,浜田沖,34.923889,132.013278,0.0797,0.1071,0.1335,0.2596,36.7,20.82,34.272
2026-05-24,浜田沖,34.923889,132.013278,0.0983,0.116,0.1521,0.2956,40.3,21.11,34.256
2026-05-25,浜田沖,34.923889,132.013278,0.1392,0.1013,0.1722,0.3347,54.0,21.69,34.242
2026-05-26,浜田沖,34.923889,132.013278,0.0954,0.1135,0.1483,0.2884,40.0,22.12,34.232
2026-05-27,浜田沖,34.923889,132.013278,0.1516,0.171,0.2285,0.4442,41.6,21.91,34.232
2026-05-28,浜田沖,34.923889,132.013278,0.2587,0.0951,0.2757,0.5359,69.8,21.85,34.385
2026-05-29,浜田沖,34.923889,132.013278,0.1195,0.1742,0.2112,0.4107,34.5,21.78,34.428
2026-05-30,浜田沖,34.923889,132.013278,0.2058,0.1611,0.2613,0.508,52.0,22.09,34.417
2026-05-31,浜田沖,34.923889,132.013278,0.2105,0.186,0.2809,0.5461,48.5,22.78,34.36
2026-06-01,浜田沖,34.923889,132.013278,0.1742,0.1404,0.2237,0.4349,51.1,22.91,34.218
2026-06-02,浜田沖,34.923889,132.013278,-0.0282,0.1802,0.1824,0.3546,351.1,22.35,34.026
2026-06-03,浜田沖,34.923889,132.013278,0.1046,0.1143,0.1549,0.3012,42.5,22.35,34.244
2026-06-05,浜田沖,34.923889,132.013278,0.1534,0.0917,0.1787,0.3474,59.1,22.29,34.144
2026-06-06,浜田沖,34.923889,132.013278,0.0343,0.1209,0.1257,0.2443,15.9,22.62,34.064
2026-06-08,浜田沖,34.923889,132.013278,0.1206,0.1071,0.1613,0.3136,48.4,22.48,33.948
2026-06-11,浜田沖,34.923889,132.013278,0.2403,0.1526,0.2846,0.5533,57.6,22.36,34.258
2026-06-12,浜田沖,34.923889,132.013278,0.2512,0.1856,0.3123,0.6072,53.5,22.56,34.243
2026-06-14,浜田沖,34.923889,132.013278,0.2307,0.2409,0.3336,0.6485,43.8,22.73,34.095
2026-06-15,浜田沖,34.923889,132.013278,0.188,0.2157,0.2861,0.5561,41.1,23.04,34.096
2026-06-17,浜田沖,34.923889,132.013278,0.1649,0.1829,0.2463,0.4788,42.0,23.18,33.868
2026-06-18,浜田沖,34.923889,132.013278,0.1305,0.1821,0.224,0.4356,35.6,23.95,33.808
2026-06-19,浜田沖,34.923889,132.013278,0.222,0.198,0.2975,0.5783,48.3,24.1,33.551
2026-06-20,浜田沖,34.923889,132.013278,0.416,0.2168,0.4691,0.912,62.5,23.48,33.881
2026-06-21,浜田沖,34.923889,132.013278,0.1267,0.1347,0.1849,0.3594,43.2,23.3,33.953
2026-06-22,浜田沖,34.923889,132.013278,0.0862,0.1378,0.1625,0.316,32.0,23.24,33.937
2026-06-23,浜田沖,34.923889,132.013278,0.0725,0.1424,0.1598,0.3107,27.0,23.24,33.931
2026-06-25,浜田沖,34.923889,132.013278,0.2976,0.2102,0.3643,0.7083,54.8,22.72,32.507
2026-06-27,浜田沖,34.923889,132.013278,0.0846,0.1768,0.1961,0.3811,25.6,22.82,33.619
2026-06-28,浜田沖,34.923889,132.013278,0.1535,0.1687,0.2281,0.4435,42.3,23.28,33.66
2026-06-29,浜田沖,34.923889,132.013278,0.1632,0.1652,0.2323,0.4515,44.7,23.59,33.668
2026-06-30,浜田沖,34.923889,132.013278,0.1284,0.1511,0.1983,0.3855,40.4,24.13,33.377
2026-07-03,浜田沖,34.923889,132.013278,0.18,0.1955,0.2657,0.5166,42.6,24.22,33.195
2026-07-04,浜田沖,34.923889,132.013278,0.2486,0.2035,0.3213,0.6245,50.7,23.89,32.948
2026-07-05,浜田沖,34.923889,132.013278,0.3399,0.2167,0.4031,0.7837,57.5,23.88,33.114
2026-07-06,浜田沖,34.923889,132.013278,0.287,0.2188,0.3609,0.7017,52.7,24.27,33.066
2026-07-07,浜田沖,34.923889,132.013278,0.2566,0.2098,0.3315,0.6445,50.7,25.22,32.81
2026-07-08,浜田沖,34.923889,132.013278,0.2308,0.148,0.2741,0.5329,57.3,25.7,32.579
2026-07-09,浜田沖,34.923889,132.013278,0.161,0.1816,0.2427,0.4718,41.6,25.97,32.418
2026-07-10,浜田沖,34.923889,132.013278,0.1098,0.1546,0.1896,0.3687,35.4,25.95,32.234
2026-07-11,浜田沖,34.923889,132.013278,0.0854,0.1722,0.1922,0.3736,26.4,26.36,31.953
2026-07-12,浜田沖,34.923889,132.013278,0.1646,0.1825,0.2458,0.4777,42.0,26.88,31.849
2026-07-14,浜田沖,34.923889,132.013278,0.2483,0.134,0.2821,0.5484,61.6,27.45,31.994
2026-07-15,浜田沖,34.923889,132.013278,0.2901,0.1389,0.3216,0.6252,64.4,26.99,31.963
2026-07-16,浜田沖,34.923889,132.013278,0.2755,0.1757,0.3267,0.6351,57.5,26.56,32.149
2026-07-17,浜田沖,34.923889,132.013278,0.2872,0.2289,0.3672,0.7139,51.4,27.23,32.023
2026-07-19,浜田沖,34.923889,132.013278,0.1865,0.1959,0.2705,0.5259,43.6,28.55,31.865
2026-07-20,浜田沖,34.923889,132.013278,0.2145,0.1664,0.2715,0.5277,52.2,28.55,31.692
2026-07-21,浜田沖,34.923889,132.013278,0.2065,0.1487,0.2544,0.4946,54.2,29.02,31.623
2026-07-22,浜田沖,34.923889,132.013278,0.2118,0.1528,0.2611,0.5076,54.2,28.9,31.763
2026-07-23,浜田沖,34.923889,132.013278,0.206,0.1196,0.2382,0.4631,59.9,29.13,31.645
2026-07-24,浜田沖,34.923889,132.013278,0.1364,0.1168,0.1796,0.3491,49.4,29.29,31.646
2026-07-25,浜田沖,34.923889,132.013278,0.1299,0.1256,0.1807,0.3512,46.0,29.59,31.568
2026-07-26,浜田沖,34.923889,132.013278,0.1195,0.1286,0.1755,0.3412,42.9,29.72,31.585
2026-07-27,浜田沖,34.923889,132.013278,0.1689,0.1082,0.2005,0.3898,57.4,30.16,31.671
2026-07-28,浜田沖,34.923889,132.013278,0.2487,0.113,0.2732,0.531,65.6,29.63,31.975
2026-07-29,浜田沖,34.923889,132.013278,0.2456,0.1198,0.2732,0.5312,64.0,29.83,32.012
2026-07-30,浜田沖,34.923889,132.013278,0.2804,0.2468,0.3735,0.7261,48.6,30.01,32.043
2026-07-31,浜田沖,34.923889,132.013278,0.3176,0.2715,0.4178,0.8122,49.5,29.94,32.112
2026-08-01,浜田沖,34.923889,132.013278,0.2853,0.2157,0.3577,0.6953,52.9,30.06,32.151
2026-08-02,浜田沖,34.923889,132.013278,0.1794,0.1304,0.2218,0.4313,54.0,30.42,32.019
2026-08-03,浜田沖,34.923889,132.013278,0.0476,0.0972,0.1082,0.2103,26.1,30.54,31.933
2026-08-04,浜田沖,34.923889,132.013278,0.0269,0.0394,0.0477,0.0928,34.3,30.79,31.699
2026-08-05,浜田沖,34.923889,132.013278,-0.0208,0.0208,0.0294,0.0572,315.0,30.6,31.82
2026-08-06,浜田沖,34.923889,132.013278,0.0447,0.1398,0.1468,0.2854,17.7,30.02,31.95
2026-08-07,浜田沖,34.923889,132.013278,0.1257,0.1888,0.2268,0.4409,33.7,30.1,31.964
2026-08-08,浜田沖,34.923889,132.013278,0.159,0.1644,0.2287,0.4447,44.0,30.16,32.055
2026-08-09,浜田沖,34.923889,132.013278,0.1139,0.1509,0.1891,0.3675,37.0,30.03,32.053
2026-08-10,浜田沖,34.923889,132.013278,0.0287,0.1874,0.1896,0.3685,8.7,28.39,32.385
2026-08-11,浜田沖,34.923889,132.013278,-0.0081,0.0635,0.064,0.1244,352.7,26.75,32.715
2026-08-12,浜田沖,34.923889,132.013278,0.0673,0.0792,0.104,0.2021,40.4,26.48,32.727
2026-08-13,浜田沖,34.923889,132.013278,0.1815,0.0856,0.2007,0.3901,64.8,26.72,32.712
2026-08-14,浜田沖,34.923889,132.013278,0.1238,0.1566,0.1996,0.3881,38.3,27.23,32.704
2026-08-15,浜田沖,34.923889,132.013278,0.0464,0.048,0.0668,0.1298,44.0,27.46,32.675
2026-08-16,浜田沖,34.923889,132.013278,0.0177,-0.0207,0.0272,0.0529,139.6,27.8,32.572
2026-08-17,浜田沖,34.923889,132.013278,-0.0221,-0.042,0.0475,0.0923,207.7,27.95,32.472
2026-08-18,浜田沖,34.923889,132.013278,-0.0581,-0.021,0.0618,0.1201,250.1,28.31,32.266
2026-08-19,浜田沖,34.923889,132.013278,-0.0358,-0.006,0.0363,0.0706,260.5,28.75,32.172
2026-08-20,浜田沖,34.923889,132.013278,0.0581,0.0674,0.089,0.173,40.8,28.41,32.264
2026-08-21,浜田沖,34.923889,132.013278,0.0582,0.1369,0.1487,0.2891,23.0,28.39,32.46
2026-08-22,浜田沖,34.923889,132.013278,0.1363,0.192,0.2355,0.4577,35.4,28.35,32.692
2026-08-23,浜田沖,34.923889,132.013278,0.1338,0.1544,0.2043,0.3972,40.9,28.48,32.848
2026-08-24,浜田沖,34.923889,132.013278,0.1168,0.1318,0.1761,0.3423,41.5,28.9,32.781
2026-08-25,浜田沖,34.923889,132.013278,0.1081,0.1533,0.1875,0.3646,35.2,29.11,32.854
2026-02-07,見島沖,34.951972,131.077111,0.1191,0.0004,0.1191,0.2315,89.8,15.37,34.479
2026-02-08,見島沖,34.951972,131.077111,0.0232,-0.0623,0.0665,0.1293,159.6,15.14,34.485
2026-02-09,見島沖,34.951972,131.077111,0.1465,0.1121,0.1844,0.3585,52.6,14.95,34.497
2026-02-10,見島沖,34.951972,131.077111,0.1621,0.0839,0.1826,0.3549,62.6,14.98,34.496
2026-02-11,見島沖,34.951972,131.077111,0.0953,0.0317,0.1004,0.1953,71.6,14.98,34.503
2026-02-12,見島沖,34.951972,131.077111,0.1396,0.0806,0.1612,0.3134,60.0,14.93,34.513
2026-02-13,見島沖,34.951972,131.077111,0.2076,0.1109,0.2353,0.4575,61.9,14.98,34.505
2026-02-14,見島沖,34.951972,131.077111,0.2071,0.1248,0.2418,0.4701,58.9,15.34,34.489
2026-02-15,見島沖,34.951972,131.077111,0.0797,0.0501,0.0941,0.1829,57.9,15.43,34.496
2026-02-16,見島沖,34.951972,131.077111,-0.0688,0.105,0.1256,0.2441,326.8,15.11,34.501
2026-02-17,見島沖,34.951972,131.077111,0.1018,0.1396,0.1728,0.3359,36.1,14.81,34.499
2026-02-18,見島沖,34.951972,131.077111,0.0651,0.0464,0.08,0.1554,54.6,14.67,34.492
2026-02-19,見島沖,34.951972,131.077111,0.1952,0.0929,0.2162,0.4203,64.6,14.92,34.482
2026-02-20,見島沖,34.951972,131.077111,0.1754,0.0749,0.1907,0.3708,66.9,15.06,34.465
2026-02-21,見島沖,34.951972,131.077111,0.2169,0.1679,0.2743,0.5332,52.3,15.0,34.432
2026-02-22,見島沖,34.951972,131.077111,0.2474,0.0969,0.2657,0.5165,68.6,15.22,34.385
2026-02-23,見島沖,34.951972,131.077111,0.1257,0.0603,0.1394,0.2711,64.4,15.31,34.384
2026-02-24,見島沖,34.951972,131.077111,0.0105,0.0438,0.0451,0.0876,13.4,15.39,34.38
2026-02-25,見島沖,34.951972,131.077111,-0.1057,0.0595,0.1213,0.2358,299.4,15.14,34.384
2026-02-26,見島沖,34.951972,131.077111,0.0077,0.0875,0.0879,0.1708,5.0,15.07,34.391
2026-02-27,見島沖,34.951972,131.077111,-0.0205,0.0264,0.0334,0.0649,322.2,15.09,34.398
2026-02-28,見島沖,34.951972,131.077111,-0.0529,0.053,0.0748,0.1455,315.1,14.99,34.413
2026-03-01,見島沖,34.951972,131.077111,-0.0277,0.0732,0.0783,0.1522,339.3,14.91,34.417
2026-03-02,見島沖,34.951972,131.077111,-0.1294,0.0324,0.1334,0.2593,284.1,14.79,34.409
2026-03-03,見島沖,34.951972,131.077111,-0.0523,0.0257,0.0583,0.1133,296.2,14.64,34.393
2026-03-04,見島沖,34.951972,131.077111,0.0741,-0.019,0.0765,0.1486,104.4,14.69,34.404
2026-03-05,見島沖,34.951972,131.077111,0.0522,0.013,0.0538,0.1045,76.0,14.89,34.421
2026-03-06,見島沖,34.951972,131.077111,0.0802,-0.04,0.0896,0.1742,116.5,14.98,34.425
2026-03-07,見島沖,34.951972,131.077111,-0.0066,-0.013,0.0146,0.0285,207.0,14.87,34.436
2026-03-08,見島沖,34.951972,131.077111,0.0225,0.0885,0.0913,0.1776,14.3,14.74,34.438
2026-03-09,見島沖,34.951972,131.077111,0.0166,0.0135,0.0215,0.0417,50.9,14.61,34.445
2026-03-10,見島沖,34.951972,131.077111,0.0527,0.0897,0.104,0.2022,30.4,14.53,34.458
2026-03-11,見島沖,34.951972,131.077111,0.077,0.0702,0.1042,0.2026,47.6,14.68,34.488
2026-03-12,見島沖,34.951972,131.077111,-0.0619,0.0277,0.0678,0.1318,294.1,14.7,34.499
2026-03-13,見島沖,34.951972,131.077111,-0.114,0.0317,0.1183,0.23,285.6,14.48,34.483
2026-03-14,見島沖,34.951972,131.077111,0.043,0.0742,0.0858,0.1667,30.1,14.43,34.484
2026-03-15,見島沖,34.951972,131.077111,0.0882,0.0365,0.0954,0.1855,67.5,14.76,34.521
2026-03-16,見島沖,34.951972,131.077111,0.0408,0.0551,0.0686,0.1333,36.5,14.89,34.539
2026-03-17,見島沖,34.951972,131.077111,0.0136,0.1125,0.1133,0.2203,6.9,14.85,34.538
2026-03-18,見島沖,34.951972,131.077111,0.1213,0.1175,0.1689,0.3283,45.9,14.61,34.515
2026-03-19,見島沖,34.951972,131.077111,0.0453,0.1082,0.1173,0.228,22.7,14.56,34.522
2026-03-20,見島沖,34.951972,131.077111,0.0883,0.0823,0.1207,0.2346,47.0,14.6,34.536
2026-03-21,見島沖,34.951972,131.077111,0.1049,0.1498,0.1828,0.3554,35.0,14.76,34.546
2026-03-22,見島沖,34.951972,131.077111,0.0914,0.1294,0.1584,0.308,35.2,14.59,34.536
2026-03-23,見島沖,34.951972,131.077111,0.0161,0.0578,0.06,0.1166,15.6,14.61,34.538
2026-03-24,見島沖,34.951972,131.077111,0.0633,0.0708,0.095,0.1846,41.8,14.68,34.531
2026-03-25,見島沖,34.951972,131.077111,-0.0389,-0.0066,0.0395,0.0768,260.4,14.75,34.52
2026-03-26,見島沖,34.951972,131.077111,0.0231,0.0569,0.0614,0.1193,22.1,14.97,34.53
2026-03-27,見島沖,34.951972,131.077111,0.1538,0.0363,0.158,0.3072,76.7,15.26,34.532
2026-03-28,見島沖,34.951972,131.077111,0.0149,0.0279,0.0317,0.0615,28.2,15.33,34.53
2026-03-29,見島沖,34.951972,131.077111,0.0638,0.0815,0.1035,0.2012,38.1,15.48,34.52
2026-03-30,見島沖,34.951972,131.077111,0.0983,0.1224,0.157,0.3052,38.8,15.67,34.451
2026-03-31,見島沖,34.951972,131.077111,0.045,-0.0301,0.0541,0.1052,123.8,15.55,34.417
2026-04-01,見島沖,34.951972,131.077111,0.0535,0.038,0.0656,0.1275,54.6,15.5,34.409
2026-04-02,見島沖,34.951972,131.077111,0.0954,0.0224,0.098,0.1905,76.8,15.65,34.412
2026-04-03,見島沖,34.951972,131.077111,0.1421,0.14,0.1995,0.3878,45.4,15.87,34.426
2026-04-04,見島沖,34.951972,131.077111,0.1784,0.1209,0.2155,0.4189,55.9,15.86,34.443
2026-04-05,見島沖,34.951972,131.077111,0.2125,0.0899,0.2307,0.4485,67.1,16.02,34.463
2026-04-06,見島沖,34.951972,131.077111,0.1508,0.027,0.1532,0.2978,79.9,16.08,34.466
2026-04-07,見島沖,34.951972,131.077111,0.0148,0.057,0.0589,0.1145,14.6,16.06,34.489
2026-04-08,見島沖,34.951972,131.077111,0.1835,0.1136,0.2158,0.4196,58.3,16.27,34.503
2026-04-09,見島沖,34.951972,131.077111,0.2714,0.2147,0.3461,0.6728,51.7,16.32,34.495
2026-04-10,見島沖,34.951972,131.077111,0.1977,0.0414,0.202,0.3928,78.2,16.49,34.507
2026-04-11,見島沖,34.951972,131.077111,0.1379,0.0542,0.1482,0.288,68.5,16.59,34.506
2026-04-12,見島沖,34.951972,131.077111,0.0962,0.1136,0.1489,0.2895,40.3,16.82,34.508
2026-04-13,見島沖,34.951972,131.077111,0.0463,0.0959,0.1065,0.207,25.8,17.18,34.51
2026-04-14,見島沖,34.951972,131.077111,0.0087,0.1124,0.1127,0.2191,4.4,17.16,34.472
2026-04-15,見島沖,34.951972,131.077111,-0.0599,0.0578,0.0832,0.1617,314.0,17.0,34.414
2026-04-16,見島沖,34.951972,131.077111,-0.0146,0.0991,0.1002,0.1947,351.6,16.74,34.447
2026-04-17,見島沖,34.951972,131.077111,0.2069,0.1408,0.2503,0.4865,55.8,16.66,34.354
2026-04-18,見島沖,34.951972,131.077111,0.0442,0.0828,0.0939,0.1825,28.1,17.22,34.271
2026-04-19,見島沖,34.951972,131.077111,0.067,0.118,0.1357,0.2638,29.6,17.45,34.281
2026-04-20,見島沖,34.951972,131.077111,0.1616,-0.0089,0.1618,0.3145,93.1,17.34,34.287
2026-04-21,見島沖,34.951972,131.077111,0.0492,0.0815,0.0952,0.185,31.1,17.26,34.302
2026-04-22,見島沖,34.951972,131.077111,0.0388,0.0782,0.0873,0.1698,26.4,17.18,34.254
2026-04-23,見島沖,34.951972,131.077111,-0.1041,0.0936,0.14,0.2722,312.0,16.86,34.278
2026-04-24,見島沖,34.951972,131.077111,-0.0312,0.0848,0.0903,0.1756,339.8,16.74,34.323
2026-04-25,見島沖,34.951972,131.077111,0.1087,0.0879,0.1398,0.2718,51.0,16.95,34.349
2026-04-26,見島沖,34.951972,131.077111,0.1239,0.0708,0.1427,0.2774,60.3,17.15,34.356
2026-04-27,見島沖,34.951972,131.077111,0.1529,0.0636,0.1656,0.3219,67.4,17.39,34.338
2026-04-28,見島沖,34.951972,131.077111,0.1182,0.0131,0.119,0.2312,83.7,17.09,34.282
2026-04-29,見島沖,34.951972,131.077111,0.05,0.098,0.11,0.2139,27.0,17.04,34.303
2026-04-30,見島沖,34.951972,131.077111,0.0751,0.066,0.1,0.1944,48.7,17.09,34.263
2026-05-01,見島沖,34.951972,131.077111,0.1462,-0.0119,0.1466,0.2851,94.7,17.13,34.264
2026-05-02,見島沖,34.951972,131.077111,0.1784,0.0639,0.1894,0.3683,70.3,17.35,34.257
2026-05-03,見島沖,34.951972,131.077111,0.2511,0.1046,0.272,0.5288,67.4,17.31,34.256
2026-05-04,見島沖,34.951972,131.077111,0.0798,0.0454,0.0918,0.1784,60.4,17.36,34.34
2026-05-05,見島沖,34.951972,131.077111,0.1676,0.1071,0.1989,0.3866,57.4,17.8,34.424
2026-05-06,見島沖,34.951972,131.077111,0.1676,0.1075,0.1992,0.3872,57.3,18.31,34.524
2026-05-07,見島沖,34.951972,131.077111,0.2388,0.0874,0.2543,0.4944,69.9,18.59,34.569
2026-05-08,見島沖,34.951972,131.077111,0.0823,0.0342,0.0891,0.1732,67.4,18.23,34.548
2026-05-09,見島沖,34.951972,131.077111,0.1356,0.108,0.1734,0.337,51.5,18.54,34.523
2026-05-10,見島沖,34.951972,131.077111,0.1711,0.12,0.209,0.4063,55.0,18.92,34.483
2026-05-11,見島沖,34.951972,131.077111,0.1862,0.1238,0.2236,0.4347,56.4,18.89,34.43
2026-05-12,見島沖,34.951972,131.077111,0.1617,0.0989,0.1895,0.3684,58.6,18.93,34.34
2026-05-13,見島沖,34.951972,131.077111,0.1383,0.0906,0.1653,0.3213,56.8,19.41,34.195
2026-05-14,見島沖,34.951972,131.077111,-0.0222,0.1014,0.1038,0.2019,347.7,19.09,34.148
2026-05-15,見島沖,34.951972,131.077111,0.1016,0.1113,0.1507,0.293,42.4,18.98,33.977
2026-05-16,見島沖,34.951972,131.077111,0.1306,0.076,0.1511,0.2938,59.8,19.79,33.66
2026-05-17,見島沖,34.951972,131.077111,0.177,0.104,0.2053,0.3991,59.6,20.34,33.683
2026-05-18,見島沖,34.951972,131.077111,0.1767,0.1623,0.2399,0.4665,47.4,20.62,33.956
2026-05-19,見島沖,34.951972,131.077111,0.1682,0.1254,0.2098,0.4079,53.3,20.96,34.098
2026-05-20,見島沖,34.951972,131.077111,0.237,0.1786,0.2968,0.577,53.0,21.07,34.216
2026-05-21,見島沖,34.951972,131.077111,0.1245,0.0362,0.1297,0.2521,73.8,20.74,34.57
2026-05-23,見島沖,34.951972,131.077111,0.0854,0.0987,0.1305,0.2537,40.9,20.56,34.549
2026-05-24,見島沖,34.951972,131.077111,0.1016,0.1556,0.1859,0.3613,33.1,20.81,34.563
2026-05-25,見島沖,34.951972,131.077111,0.1422,0.2148,0.2576,0.5008,33.5,21.4,34.538
2026-05-26,見島沖,34.951972,131.077111,0.1685,0.2104,0.2695,0.524,38.7,21.21,34.437
2026-05-27,見島沖,34.951972,131.077111,0.0997,0.1518,0.1817,0.3532,33.3,21.25,34.373
2026-05-28,見島沖,34.951972,131.077111,0.1856,0.0166,0.1864,0.3623,84.9,21.66,34.313
2026-05-29,見島沖,34.951972,131.077111,0.0656,0.1055,0.1242,0.2415,31.9,21.68,34.303
2026-05-30,見島沖,34.951972,131.077111,0.1678,0.0986,0.1946,0.3783,59.6,22.12,34.26
2026-05-31,見島沖,34.951972,131.077111,0.1797,0.1653,0.2441,0.4746,47.4,22.46,34.223
2026-06-01,見島沖,34.951972,131.077111,0.2464,0.1837,0.3074,0.5975,53.3,22.65,34.119
2026-06-02,見島沖,34.951972,131.077111,-0.0835,0.1185,0.145,0.2818,324.8,22.7,34.025
2026-06-03,見島沖,34.951972,131.077111,0.0989,0.0732,0.123,0.2391,53.5,22.73,34.151
2026-06-05,見島沖,34.951972,131.077111,0.1702,0.0572,0.1795,0.349,71.4,22.82,34.092
2026-06-06,見島沖,34.951972,131.077111,0.0161,0.1662,0.167,0.3246,5.5,22.91,34.094
2026-06-08,見島沖,34.951972,131.077111,0.0451,0.1004,0.11,0.2139,24.2,22.74,34.058
2026-06-11,見島沖,34.951972,131.077111,0.1943,0.0238,0.1957,0.3805,83.0,22.96,34.217
2026-06-12,見島沖,34.951972,131.077111,0.1573,0.0968,0.1846,0.3589,58.4,23.02,34.244
2026-06-14,見島沖,34.951972,131.077111,0.1779,0.1478,0.2313,0.4496,50.3,23.38,34.1
2026-06-15,見島沖,34.951972,131.077111,0.0913,0.1273,0.1567,0.3045,35.6,23.69,33.98
2026-06-17,見島沖,34.951972,131.077111,0.175,0.1699,0.2439,0.4742,45.8,23.75,34.076
2026-06-18,見島沖,34.951972,131.077111,0.181,0.1514,0.236,0.4588,50.1,23.91,34.079
2026-06-19,見島沖,34.951972,131.077111,0.1679,0.2081,0.2674,0.5198,38.9,24.08,33.967
2026-06-20,見島沖,34.951972,131.077111,0.3394,0.0696,0.3464,0.6735,78.4,23.08,33.997
2026-06-21,見島沖,34.951972,131.077111,-0.0186,0.1293,0.1306,0.2539,351.8,23.04,34.019
2026-06-22,見島沖,34.951972,131.077111,0.0568,0.114,0.1273,0.2475,26.5,22.83,34.112
2026-06-23,見島沖,34.951972,131.077111,0.0616,0.1368,0.15,0.2917,24.3,22.9,34.051
2026-06-25,見島沖,34.951972,131.077111,0.1993,0.0929,0.2199,0.4275,65.0,23.23,33.365
2026-06-27,見島沖,34.951972,131.077111,0.1318,0.1953,0.2356,0.458,34.0,23.05,33.591
2026-06-28,見島沖,34.951972,131.077111,0.1686,0.1595,0.2321,0.4511,46.6,23.52,33.533
2026-06-29,見島沖,34.951972,131.077111,0.1249,0.1708,0.2116,0.4113,36.2,23.76,33.611
2026-06-30,見島沖,34.951972,131.077111,0.142,0.2402,0.279,0.5424,30.6,23.94,33.365
2026-07-03,見島沖,34.951972,131.077111,0.264,0.1915,0.3262,0.6341,54.0,24.59,33.25
2026-07-04,見島沖,34.951972,131.077111,0.2895,0.1532,0.3276,0.6368,62.1,24.03,32.782
2026-07-05,見島沖,34.951972,131.077111,0.2986,0.0825,0.3098,0.6023,74.6,23.98,32.625
2026-07-06,見島沖,34.951972,131.077111,0.2519,0.1632,0.3001,0.5835,57.1,24.34,32.597
2026-07-07,見島沖,34.951972,131.077111,0.2904,0.2227,0.366,0.7115,52.5,24.6,32.133
2026-07-08,見島沖,34.951972,131.077111,0.3742,0.235,0.4419,0.8591,57.9,24.99,31.667
2026-07-09,見島沖,34.951972,131.077111,0.3269,0.2133,0.3904,0.7589,56.9,25.37,31.658
2026-07-10,見島沖,34.951972,131.077111,0.3596,0.3512,0.5026,0.977,45.7,25.63,31.547
2026-07-11,見島沖,34.951972,131.077111,0.4053,0.3986,0.5685,1.1051,45.5,25.87,31.576
2026-07-12,見島沖,34.951972,131.077111,0.3934,0.3316,0.5145,1.0001,49.9,27.06,31.754
2026-07-14,見島沖,34.951972,131.077111,0.5114,0.2256,0.559,1.0867,66.2,26.73,31.946
2026-07-15,見島沖,34.951972,131.077111,0.4356,0.2179,0.4871,0.9469,63.4,25.28,32.299
2026-07-16,見島沖,34.951972,131.077111,0.3873,0.3176,0.5008,0.9736,50.7,25.48,32.521
2026-07-17,見島沖,34.951972,131.077111,0.4315,0.2917,0.5208,1.0124,55.9,26.04,32.444
2026-07-19,見島沖,34.951972,131.077111,0.4645,0.3097,0.5583,1.0853,56.3,27.96,31.972
2026-07-20,見島沖,34.951972,131.077111,0.4804,0.3527,0.596,1.1586,53.7,28.31,32.144
2026-07-21,見島沖,34.951972,131.077111,0.501,0.4711,0.6877,1.3369,46.8,28.66,32.129
2026-07-22,見島沖,34.951972,131.077111,0.4367,0.4286,0.6119,1.1895,45.5,28.15,32.111
2026-07-23,見島沖,34.951972,131.077111,0.4197,0.3759,0.5634,1.0953,48.1,28.45,32.065
2026-07-24,見島沖,34.951972,131.077111,0.3479,0.3468,0.4912,0.955,45.1,28.9,32.178
2026-07-25,見島沖,34.951972,131.077111,0.342,0.3173,0.4665,0.9069,47.1,29.18,32.269
2026-07-26,見島沖,34.951972,131.077111,0.3084,0.3458,0.4634,0.9008,41.7,29.44,32.211
2026-07-27,見島沖,34.951972,131.077111,0.404,0.3081,0.5081,0.9877,52.7,29.85,32.22
2026-07-28,見島沖,34.951972,131.077111,0.3628,0.2674,0.4507,0.8762,53.6,29.15,32.245
2026-07-29,見島沖,34.951972,131.077111,0.3904,0.2892,0.4859,0.9445,53.5,29.01,32.237
2026-07-30,見島沖,34.951972,131.077111,0.408,0.2832,0.4966,0.9655,55.2,29.14,32.244
2026-07-31,見島沖,34.951972,131.077111,0.3793,0.2971,0.4818,0.9365,51.9,29.34,32.19
2026-08-01,見島沖,34.951972,131.077111,0.3943,0.3396,0.5204,1.0117,49.3,29.3,32.206
2026-08-02,見島沖,34.951972,131.077111,0.2895,0.4337,0.5215,1.0138,33.7,29.8,32.233
2026-08-03,見島沖,34.951972,131.077111,0.2804,0.5441,0.6121,1.1899,27.3,29.85,32.212
2026-08-04,見島沖,34.951972,131.077111,0.2819,0.5568,0.6241,1.2133,26.9,30.31,32.163
2026-08-05,見島沖,34.951972,131.077111,0.2451,0.5367,0.59,1.147,24.5,30.18,32.205
2026-08-06,見島沖,34.951972,131.077111,0.3053,0.4553,0.5482,1.0656,33.8,29.64,32.293
2026-08-07,見島沖,34.951972,131.077111,0.346,0.3715,0.5076,0.9868,43.0,29.72,32.281
2026-08-08,見島沖,34.951972,131.077111,0.3356,0.3443,0.4808,0.9346,44.3,29.95,32.238
2026-08-09,見島沖,34.951972,131.077111,0.2937,0.3501,0.457,0.8884,40.0,29.92,32.448
2026-08-10,見島沖,34.951972,131.077111,0.2484,0.3282,0.4116,0.8001,37.1,29.63,32.999
2026-08-11,見島沖,34.951972,131.077111,0.2558,0.2062,0.3286,0.6387,51.1,29.32,33.214
2026-08-12,見島沖,34.951972,131.077111,0.3498,0.1701,0.389,0.7562,64.1,29.06,33.031
2026-08-13,見島沖,34.951972,131.077111,0.3598,0.2827,0.4576,0.8895,51.8,28.41,32.924
2026-08-14,見島沖,34.951972,131.077111,0.3203,0.2956,0.4359,0.8473,47.3,28.21,32.974
2026-08-15,見島沖,34.951972,131.077111,0.2673,0.2803,0.3873,0.7528,43.6,28.34,33.062
2026-08-16,見島沖,34.951972,131.077111,0.3062,0.2457,0.3926,0.7632,51.2,27.92,33.12
2026-08-17,見島沖,34.951972,131.077111,0.3047,0.2628,0.4024,0.7822,49.2,27.75,33.105
2026-08-18,見島沖,34.951972,131.077111,0.3274,0.1868,0.3769,0.7327,60.3,28.22,33.26
2026-08-19,見島沖,34.951972,131.077111,0.3021,0.1629,0.3432,0.6672,61.7,28.58,33.538
2026-08-20,見島沖,34.951972,131.077111,0.2265,0.2189,0.315,0.6124,46.0,28.73,33.519
2026-08-21,見島沖,34.951972,131.077111,0.1804,0.2361,0.2972,0.5777,37.4,28.63,33.359
2026-08-22,見島沖,34.951972,131.077111,0.2385,0.1895,0.3046,0.5922,51.5,29.16,33.663
2026-08-23,見島沖,34.951972,131.077111,0.2246,0.1986,0.2998,0.5828,48.5,29.39,33.599
2026-08-24,見島沖,34.951972,131.077111,0.2618,0.268,0.3746,0.7282,44.3,29.5,33.396
2026-08-25,見島沖,34.951972,131.077111,0.2386,0.3032,0.3858,0.7501,38.2,29.49,33.539
2026-02-07,高島沖,34.845861,131.820278,0.2739,0.1111,0.2956,0.5747,67.9,14.58,34.471
2026-02-08,高島沖,34.845861,131.820278,0.2483,0.0651,0.2567,0.4991,75.3,14.44,34.469
2026-02-09,高島沖,34.845861,131.820278,0.2601,0.1406,0.2957,0.5748,61.6,14.33,34.474
2026-02-10,高島沖,34.845861,131.820278,0.2331,0.11,0.2577,0.5011,64.7,14.25,34.476
2026-02-11,高島沖,34.845861,131.820278,0.1849,0.0413,0.1894,0.3682,77.4,14.24,34.478
2026-02-12,高島沖,34.845861,131.820278,0.26,0.0877,0.2744,0.5335,71.4,14.34,34.488
2026-02-13,高島沖,34.845861,131.820278,0.3022,0.1375,0.332,0.6454,65.5,14.44,34.509
2026-02-14,高島沖,34.845861,131.820278,0.2468,0.0877,0.2619,0.5092,70.4,14.56,34.521
2026-02-15,高島沖,34.845861,131.820278,0.1628,0.0568,0.1724,0.3352,70.8,14.57,34.522
2026-02-16,高島沖,34.845861,131.820278,0.0488,0.0473,0.068,0.1321,45.9,14.31,34.53
2026-02-17,高島沖,34.845861,131.820278,0.1601,0.0965,0.187,0.3634,58.9,14.19,34.533
2026-02-18,高島沖,34.845861,131.820278,0.1848,0.0579,0.1937,0.3765,72.6,14.28,34.528
2026-02-19,高島沖,34.845861,131.820278,0.2111,0.0968,0.2322,0.4515,65.4,14.46,34.524
2026-02-20,高島沖,34.845861,131.820278,0.267,0.1232,0.294,0.5716,65.2,14.5,34.517
2026-02-21,高島沖,34.845861,131.820278,0.2739,0.1444,0.3097,0.602,62.2,14.45,34.508
2026-02-22,高島沖,34.845861,131.820278,0.3013,0.1312,0.3286,0.6388,66.5,14.42,34.498
2026-02-23,高島沖,34.845861,131.820278,0.2102,0.0768,0.2238,0.4351,69.9,14.45,34.492
2026-02-24,高島沖,34.845861,131.820278,0.1284,0.0637,0.1433,0.2786,63.6,14.45,34.466
2026-02-25,高島沖,34.845861,131.820278,-0.0567,-0.0372,0.0678,0.1319,236.7,14.38,34.458
2026-02-26,高島沖,34.845861,131.820278,0.0127,0.0313,0.0338,0.0657,22.1,14.34,34.459
2026-02-27,高島沖,34.845861,131.820278,0.0805,0.0146,0.0818,0.1591,79.7,14.32,34.426
2026-02-28,高島沖,34.845861,131.820278,0.027,0.0025,0.0271,0.0528,84.6,14.31,34.441
2026-03-01,高島沖,34.845861,131.820278,-0.0058,0.0073,0.0093,0.018,321.6,14.27,34.441
2026-03-02,高島沖,34.845861,131.820278,-0.0378,-0.0036,0.038,0.0739,264.6,14.19,34.433
2026-03-03,高島沖,34.845861,131.820278,-0.08,-0.0629,0.1018,0.1979,231.8,14.13,34.426
2026-03-04,高島沖,34.845861,131.820278,0.0161,0.0176,0.0239,0.0464,42.5,14.02,34.426
2026-03-05,高島沖,34.845861,131.820278,0.0842,0.0629,0.1051,0.2042,53.2,13.96,34.421
2026-03-06,高島沖,34.845861,131.820278,0.2041,0.0283,0.2061,0.4006,82.1,14.05,34.391
2026-03-07,高島沖,34.845861,131.820278,0.1471,0.0014,0.1471,0.286,89.4,14.14,34.408
2026-03-08,高島沖,34.845861,131.820278,0.1443,0.0622,0.1571,0.3054,66.7,14.15,34.41
2026-03-09,高島沖,34.845861,131.820278,0.1685,0.0306,0.1713,0.333,79.7,14.16,34.412
2026-03-10,高島沖,34.845861,131.820278,0.1344,0.0688,0.151,0.2934,62.9,14.11,34.417
2026-03-11,高島沖,34.845861,131.820278,0.1492,0.0644,0.1625,0.3159,66.7,14.11,34.42
2026-03-12,高島沖,34.845861,131.820278,0.0359,0.013,0.0382,0.0743,70.1,13.98,34.423
2026-03-13,高島沖,34.845861,131.820278,-0.129,-0.1017,0.1643,0.3194,231.7,13.9,34.422
2026-03-14,高島沖,34.845861,131.820278,-0.1407,-0.0686,0.1566,0.3044,244.0,13.9,34.42
2026-03-15,高島沖,34.845861,131.820278,-0.0731,0.0117,0.074,0.1438,279.1,13.87,34.417
2026-03-16,高島沖,34.845861,131.820278,0.0273,0.0433,0.0512,0.0995,32.3,13.79,34.419
2026-03-17,高島沖,34.845861,131.820278,0.1105,0.0674,0.1294,0.2516,58.6,13.79,34.428
2026-03-18,高島沖,34.845861,131.820278,0.23,0.0508,0.2355,0.4579,77.5,13.91,34.393
2026-03-19,高島沖,34.845861,131.820278,0.1306,0.0678,0.1471,0.286,62.6,14.17,34.431
2026-03-20,高島沖,34.845861,131.820278,0.188,0.0478,0.194,0.3771,75.7,14.34,34.461
2026-03-21,高島沖,34.845861,131.820278,0.1693,0.0902,0.1919,0.373,61.9,14.44,34.474
2026-03-22,高島沖,34.845861,131.820278,0.1707,0.0994,0.1975,0.3839,59.8,14.36,34.465
2026-03-23,高島沖,34.845861,131.820278,0.1054,0.049,0.1162,0.226,65.1,14.49,34.485
2026-03-24,高島沖,34.845861,131.820278,0.1342,0.0851,0.1589,0.3089,57.6,14.32,34.482
2026-03-25,高島沖,34.845861,131.820278,0.0312,0.0517,0.0604,0.1174,31.2,14.23,34.459
2026-03-26,高島沖,34.845861,131.820278,0.0986,0.0794,0.1266,0.2461,51.1,14.31,34.476
2026-03-27,高島沖,34.845861,131.820278,0.1924,0.075,0.2065,0.4015,68.7,14.55,34.474
2026-03-28,高島沖,34.845861,131.820278,0.1797,0.0651,0.1911,0.3716,70.1,14.53,34.484
2026-03-29,高島沖,34.845861,131.820278,0.1827,0.1028,0.2096,0.4074,60.6,14.66,34.492
2026-03-30,高島沖,34.845861,131.820278,0.173,0.1202,0.2107,0.4095,55.2,14.89,34.362
2026-03-31,高島沖,34.845861,131.820278,0.1734,0.0443,0.1789,0.3479,75.7,14.77,34.469
2026-04-01,高島沖,34.845861,131.820278,0.1481,0.082,0.1693,0.329,61.0,14.7,34.46
2026-04-02,高島沖,34.845861,131.820278,0.2476,0.0778,0.2595,0.5045,72.5,14.93,34.458
2026-04-03,高島沖,34.845861,131.820278,0.2595,0.1307,0.2906,0.5649,63.3,15.35,34.459
2026-04-04,高島沖,34.845861,131.820278,0.3117,0.1384,0.341,0.663,66.1,15.26,34.454
2026-04-05,高島沖,34.845861,131.820278,0.308,0.1128,0.328,0.6377,69.9,15.38,34.474
2026-04-06,高島沖,34.845861,131.820278,0.2811,0.0814,0.2927,0.5689,73.8,15.52,34.471
2026-04-07,高島沖,34.845861,131.820278,0.1083,0.0598,0.1237,0.2405,61.1,15.41,34.485
2026-04-08,高島沖,34.845861,131.820278,0.2045,0.1125,0.2334,0.4537,61.2,15.68,34.505
2026-04-09,高島沖,34.845861,131.820278,0.338,0.2191,0.4028,0.783,57.1,15.68,34.503
2026-04-10,高島沖,34.845861,131.820278,0.342,0.0681,0.3487,0.6779,78.7,15.95,34.491
2026-04-11,高島沖,34.845861,131.820278,0.2545,0.0665,0.263,0.5113,75.3,16.1,34.494
2026-04-12,高島沖,34.845861,131.820278,0.1951,0.131,0.235,0.4568,56.1,16.31,34.487
2026-04-13,高島沖,34.845861,131.820278,0.196,0.0978,0.2191,0.4259,63.5,16.61,34.477
2026-04-14,高島沖,34.845861,131.820278,0.1447,0.0926,0.1718,0.334,57.4,16.9,34.412
2026-04-15,高島沖,34.845861,131.820278,0.0119,0.0424,0.0441,0.0857,15.6,16.75,34.378
2026-04-16,高島沖,34.845861,131.820278,0.027,0.0719,0.0768,0.1494,20.5,16.47,34.475
2026-04-17,高島沖,34.845861,131.820278,0.1976,0.1003,0.2216,0.4308,63.1,16.62,34.43
2026-04-18,高島沖,34.845861,131.820278,0.0994,0.0858,0.1313,0.2552,49.2,17.1,34.376
2026-04-19,高島沖,34.845861,131.820278,0.1658,0.0779,0.1832,0.3561,64.8,17.2,34.379
2026-04-20,高島沖,34.845861,131.820278,0.2464,-0.0282,0.2481,0.4822,96.5,17.3,34.409
2026-04-21,高島沖,34.845861,131.820278,0.1582,0.0892,0.1816,0.3531,60.6,17.17,34.418
2026-04-22,高島沖,34.845861,131.820278,0.168,0.1019,0.1965,0.382,58.8,16.99,34.359
2026-04-23,高島沖,34.845861,131.820278,-0.0386,0.0678,0.078,0.1516,330.3,16.59,34.357
2026-04-24,高島沖,34.845861,131.820278,-0.0459,0.028,0.0537,0.1045,301.4,16.29,34.399
2026-04-25,高島沖,34.845861,131.820278,0.1085,0.0672,0.1276,0.2481,58.2,16.56,34.398
2026-04-26,高島沖,34.845861,131.820278,0.1815,0.0934,0.2041,0.3968,62.8,16.71,34.237
2026-04-27,高島沖,34.845861,131.820278,0.2576,0.063,0.2652,0.5156,76.3,17.11,34.352
2026-04-28,高島沖,34.845861,131.820278,0.275,0.0422,0.2782,0.5408,81.3,17.07,34.367
2026-04-29,高島沖,34.845861,131.820278,0.1709,0.0927,0.1944,0.3779,61.5,16.94,34.354
2026-04-30,高島沖,34.845861,131.820278,0.1811,0.1062,0.2099,0.4081,59.6,16.9,34.264
2026-05-01,高島沖,34.845861,131.820278,0.2678,0.0765,0.2785,0.5414,74.1,16.86,34.34
2026-05-02,高島沖,34.845861,131.820278,0.2506,0.0808,0.2633,0.5118,72.1,17.05,34.348
2026-05-03,高島沖,34.845861,131.820278,0.367,0.1467,0.3952,0.7683,68.2,17.07,34.282
2026-05-04,高島沖,34.845861,131.820278,0.2715,0.1206,0.2971,0.5775,66.0,17.01,34.312
2026-05-05,高島沖,34.845861,131.820278,0.2432,0.1217,0.2719,0.5286,63.4,17.51,34.306
2026-05-06,高島沖,34.845861,131.820278,0.226,0.1092,0.251,0.4879,64.2,17.7,34.32
2026-05-07,高島沖,34.845861,131.820278,0.2698,0.0529,0.2749,0.5345,78.9,18.01,34.328
2026-05-08,高島沖,34.845861,131.820278,0.1744,0.0166,0.1752,0.3405,84.5,17.75,34.352
2026-05-09,高島沖,34.845861,131.820278,0.1651,0.0691,0.179,0.3479,67.3,18.07,34.387
2026-05-10,高島沖,34.845861,131.820278,0.1756,0.0857,0.1954,0.3798,64.0,18.44,34.427
2026-05-11,高島沖,34.845861,131.820278,0.2042,0.0923,0.2241,0.4357,65.7,18.74,34.454
2026-05-12,高島沖,34.845861,131.820278,0.2006,0.0896,0.2197,0.4271,65.9,18.92,34.457
2026-05-13,高島沖,34.845861,131.820278,0.1863,0.0622,0.1964,0.3818,71.5,19.38,34.467
2026-05-14,高島沖,34.845861,131.820278,0.0804,0.0655,0.1037,0.2016,50.8,19.25,34.491
2026-05-15,高島沖,34.845861,131.820278,0.1288,0.0982,0.162,0.3149,52.7,19.31,34.475
2026-05-16,高島沖,34.845861,131.820278,0.1505,0.078,0.1695,0.3295,62.6,20.08,34.437
2026-05-17,高島沖,34.845861,131.820278,0.163,0.0753,0.1795,0.349,65.2,20.47,34.397
2026-05-18,高島沖,34.845861,131.820278,0.1971,0.0991,0.2206,0.4288,63.3,20.5,34.355
2026-05-19,高島沖,34.845861,131.820278,0.1889,0.0773,0.2041,0.3968,67.7,20.88,34.239
2026-05-20,高島沖,34.845861,131.820278,0.1939,0.1178,0.2269,0.4411,58.7,20.95,33.951
2026-05-21,高島沖,34.845861,131.820278,0.209,0.0094,0.2092,0.4067,87.4,20.66,34.126
2026-05-23,高島沖,34.845861,131.820278,0.0508,0.088,0.1016,0.1976,30.0,20.84,34.278
2026-05-24,高島沖,34.845861,131.820278,0.0867,0.1071,0.1378,0.2678,39.0,21.27,34.318
2026-05-25,高島沖,34.845861,131.820278,0.1288,0.0873,0.1556,0.3024,55.9,21.73,34.365
2026-05-26,高島沖,34.845861,131.820278,0.0961,0.0754,0.1222,0.2375,51.9,22.16,34.385
2026-05-27,高島沖,34.845861,131.820278,0.1367,0.109,0.1748,0.3398,51.4,21.85,34.379
2026-05-28,高島沖,34.845861,131.820278,0.2513,0.0073,0.2514,0.4887,88.3,21.76,34.454
2026-05-29,高島沖,34.845861,131.820278,0.1038,0.098,0.1427,0.2775,46.7,21.63,34.5
2026-05-30,高島沖,34.845861,131.820278,0.1959,0.1131,0.2262,0.4398,60.0,22.06,34.469
2026-05-31,高島沖,34.845861,131.820278,0.2402,0.1192,0.2682,0.5214,63.6,22.48,34.404
2026-06-01,高島沖,34.845861,131.820278,0.2134,0.0949,0.2335,0.454,66.0,22.68,34.272
2026-06-02,高島沖,34.845861,131.820278,-0.0227,0.078,0.0812,0.1579,343.8,22.19,34.066
2026-06-03,高島沖,34.845861,131.820278,0.1005,0.065,0.1197,0.2326,57.1,22.29,34.258
2026-06-05,高島沖,34.845861,131.820278,0.1422,0.0352,0.1465,0.2848,76.1,22.24,34.134
2026-06-06,高島沖,34.845861,131.820278,0.0434,0.0774,0.0888,0.1725,29.3,22.54,34.099
2026-06-08,高島沖,34.845861,131.820278,0.1268,0.0576,0.1393,0.2708,65.6,22.6,34.036
2026-06-11,高島沖,34.845861,131.820278,0.2448,0.0807,0.2577,0.501,71.7,22.39,34.277
2026-06-12,高島沖,34.845861,131.820278,0.2704,0.1103,0.292,0.5677,67.8,22.48,34.265
2026-06-14,高島沖,34.845861,131.820278,0.2589,0.1317,0.2905,0.5647,63.0,22.86,34.194
2026-06-15,高島沖,34.845861,131.820278,0.1985,0.1281,0.2362,0.4592,57.2,23.16,34.157
2026-06-17,高島沖,34.845861,131.820278,0.1634,0.1065,0.1951,0.3792,56.9,23.22,34.034
2026-06-18,高島沖,34.845861,131.820278,0.1401,0.1206,0.1849,0.3594,49.3,24.11,33.998
2026-06-19,高島沖,34.845861,131.820278,0.228,0.1517,0.2739,0.5324,56.4,24.26,33.677
2026-06-20,高島沖,34.845861,131.820278,0.4177,0.1115,0.4323,0.8404,75.0,23.43,33.941
2026-06-21,高島沖,34.845861,131.820278,0.1264,0.065,0.1421,0.2762,62.8,23.29,33.986
2026-06-22,高島沖,34.845861,131.820278,0.104,0.0944,0.1405,0.273,47.8,23.13,34.008
2026-06-23,高島沖,34.845861,131.820278,0.1086,0.1237,0.1646,0.3199,41.3,23.04,34.028
2026-06-25,高島沖,34.845861,131.820278,0.3444,0.0678,0.351,0.6824,78.9,22.77,32.75
2026-06-27,高島沖,34.845861,131.820278,0.116,0.1426,0.1838,0.3573,39.1,22.97,33.811
2026-06-28,高島沖,34.845861,131.820278,0.1732,0.1393,0.2223,0.4321,51.2,23.38,33.787
2026-06-29,高島沖,34.845861,131.820278,0.168,0.1086,0.2,0.3889,57.1,23.55,33.777
2026-06-30,高島沖,34.845861,131.820278,0.1145,0.0867,0.1436,0.2792,52.9,24.07,33.554
2026-07-03,高島沖,34.845861,131.820278,0.2069,0.1445,0.2523,0.4905,55.1,24.36,33.345
2026-07-04,高島沖,34.845861,131.820278,0.2762,0.1643,0.3214,0.6248,59.3,23.89,33.114
2026-07-05,高島沖,34.845861,131.820278,0.3436,0.1371,0.3699,0.7191,68.2,23.94,33.244
2026-07-06,高島沖,34.845861,131.820278,0.3078,0.1116,0.3274,0.6365,70.1,24.33,33.134
2026-07-07,高島沖,34.845861,131.820278,0.2716,0.1435,0.3072,0.5971,62.2,25.02,32.858
2026-07-08,高島沖,34.845861,131.820278,0.2706,0.1538,0.3112,0.605,60.4,25.35,32.688
2026-07-09,高島沖,34.845861,131.820278,0.1777,0.1463,0.2302,0.4475,50.5,25.65,32.491
2026-07-10,高島沖,34.845861,131.820278,0.1524,0.1543,0.2169,0.4216,44.6,25.82,32.143
2026-07-11,高島沖,34.845861,131.820278,0.1171,0.1708,0.2071,0.4026,34.4,26.19,32.095
2026-07-12,高島沖,34.845861,131.820278,0.1558,0.1107,0.1912,0.3716,54.6,26.6,32.073
2026-07-14,高島沖,34.845861,131.820278,0.2523,0.0564,0.2586,0.5026,77.4,27.69,31.837
2026-07-15,高島沖,34.845861,131.820278,0.2863,0.0333,0.2883,0.5604,83.4,26.86,31.84
2026-07-16,高島沖,34.845861,131.820278,0.2754,0.1034,0.2942,0.5719,69.4,26.51,32.144
2026-07-17,高島沖,34.845861,131.820278,0.2631,0.1778,0.3175,0.6173,55.9,27.15,32.193
2026-07-19,高島沖,34.845861,131.820278,0.2731,0.1471,0.3102,0.603,61.7,28.18,31.845
2026-07-20,高島沖,34.845861,131.820278,0.2232,0.128,0.2573,0.5001,60.2,28.39,31.766
2026-07-21,高島沖,34.845861,131.820278,0.1814,0.1069,0.2106,0.4093,59.5,29.08,31.744
2026-07-22,高島沖,34.845861,131.820278,0.1502,0.0877,0.1739,0.3381,59.7,29.01,31.875
2026-07-23,高島沖,34.845861,131.820278,0.1438,0.1014,0.176,0.3422,54.8,29.14,31.82
2026-07-24,高島沖,34.845861,131.820278,0.1243,0.0991,0.159,0.309,51.4,29.17,31.843
2026-07-25,高島沖,34.845861,131.820278,0.1849,0.0609,0.1946,0.3784,71.8,29.42,31.853
2026-07-26,高島沖,34.845861,131.820278,0.1819,0.0439,0.1871,0.3637,76.4,29.71,31.925
2026-07-27,高島沖,34.845861,131.820278,0.187,0.0566,0.1954,0.3798,73.2,30.35,32.007
2026-07-28,高島沖,34.845861,131.820278,0.2419,0.0945,0.2597,0.5049,68.7,29.74,32.065
2026-07-29,高島沖,34.845861,131.820278,0.2491,0.142,0.2867,0.5574,60.3,29.81,32.105
2026-07-30,高島沖,34.845861,131.820278,0.3161,0.1618,0.3551,0.6904,62.9,29.82,32.159
2026-07-31,高島沖,34.845861,131.820278,0.3672,0.1623,0.4015,0.7804,66.2,29.8,32.224
2026-08-01,高島沖,34.845861,131.820278,0.3326,0.1619,0.3699,0.7192,64.0,30.07,32.225
2026-08-02,高島沖,34.845861,131.820278,0.2004,0.1626,0.258,0.5016,50.9,30.44,32.109
2026-08-03,高島沖,34.845861,131.820278,0.0447,0.1584,0.1646,0.3199,15.8,30.48,32.024
2026-08-04,高島沖,34.845861,131.820278,0.0124,0.1168,0.1175,0.2284,6.0,30.79,31.988
2026-08-05,高島沖,34.845861,131.820278,-0.0327,0.1001,0.1053,0.2046,341.9,30.63,32.018
2026-08-06,高島沖,34.845861,131.820278,0.1014,0.155,0.1853,0.3601,33.2,30.24,32.135
2026-08-07,高島沖,34.845861,131.820278,0.1853,0.1145,0.2178,0.4234,58.3,30.38,32.135
2026-08-08,高島沖,34.845861,131.820278,0.161,0.0925,0.1856,0.3609,60.1,30.35,32.13
2026-08-09,高島沖,34.845861,131.820278,0.0902,0.1695,0.192,0.3732,28.0,29.97,32.161
2026-08-10,高島沖,34.845861,131.820278,0.0283,0.176,0.1783,0.3466,9.1,28.62,32.417
2026-08-11,高島沖,34.845861,131.820278,-0.0141,0.0441,0.0463,0.09,342.3,27.42,32.623
2026-08-12,高島沖,34.845861,131.820278,0.0604,0.0572,0.0831,0.1616,46.6,27.09,32.687
2026-08-13,高島沖,34.845861,131.820278,0.1654,0.0784,0.183,0.3558,64.6,26.88,32.734
2026-08-14,高島沖,34.845861,131.820278,0.089,0.0199,0.0912,0.1773,77.4,27.82,32.842
2026-08-15,高島沖,34.845861,131.820278,-0.002,-0.0322,0.0323,0.0627,183.6,27.94,32.837
2026-08-16,高島沖,34.845861,131.820278,-0.0225,-0.0256,0.0341,0.0662,221.3,28.17,32.864
2026-08-17,高島沖,34.845861,131.820278,-0.0156,0.0265,0.0307,0.0597,329.6,28.15,32.849
2026-08-18,高島沖,34.845861,131.820278,-0.0055,0.0314,0.0319,0.0619,350.1,28.42,32.773
2026-08-19,高島沖,34.845861,131.820278,0.0158,0.0166,0.0229,0.0445,43.7,28.65,32.75
2026-08-20,高島沖,34.845861,131.820278,0.0612,0.0963,0.1141,0.2217,32.4,28.52,32.73
2026-08-21,高島沖,34.845861,131.820278,0.1179,0.1352,0.1793,0.3486,41.1,28.26,32.895
2026-08-22,高島沖,34.845861,131.820278,0.1542,0.1169,0.1935,0.3762,52.8,28.19,33.072
2026-08-23,高島沖,34.845861,131.820278,0.1313,0.1164,0.1754,0.341,48.5,28.6,33.033
2026-08-24,高島沖,34.845861,131.820278,0.163,0.1151,0.1995,0.3878,54.8,29.17,32.999
2026-08-25,高島沖,34.845861,131.820278,0.1418,0.1171,0.1839,0.3574,50.5,29.15,33.048
